{
  "MAE": 0.14018095526605107,
  "RMSE": 0.17771564093298595,
  "R2": 0.646637434388136
}